{
  "accuracy": [
    0.32078424096107483,
    0.5477264523506165,
    0.6616347432136536,
    0.7220637202262878,
    0.7571106553077698,
    0.7910299897193909,
    0.8116025328636169,
    0.8564525246620178,
    0.8705587387084961,
    0.880591869354248
  ],
  "val_accuracy": [
    0.3224260210990906,
    0.4971886873245239,
    0.6930592656135559,
    0.4890773296356201,
    0.6210710406303406,
    0.7116785049438477,
    0.7017236351966858,
    0.9010046720504761,
    0.8422896265983582,
    0.7914093732833862
  ],
  "loss": [
    2.5267491340637207,
    1.4461872577667236,
    1.0179452896118164,
    0.8275438547134399,
    0.7189065217971802,
    0.6110769510269165,
    0.5370915532112122,
    0.4046427309513092,
    0.3600999116897583,
    0.3305940330028534
  ],
  "val_loss": [
    2.894540786743164,
    1.8796477317810059,
    0.9574612379074097,
    2.491771697998047,
    1.6132638454437256,
    1.1632603406906128,
    1.1003142595291138,
    0.3062171936035156,
    0.5213505029678345,
    0.9186322689056396
  ]
}